<application>
  <component name="FileTypeManager" version="17">
    <extensionMap>
      <mapping pattern="comandos npm" type="Markdown" />
      <mapping pattern="readme" type="Markdown" />
      <mapping pattern=".gitkeep" type="PLAIN_TEXT" />
      <mapping pattern="create-charge.ts" type="PLAIN_TEXT" />
      <mapping pattern="LICENSE" type="PLAIN_TEXT" />
      <removed_mapping ext="cmd" approved="true" type="PLAIN_TEXT" />
      <removed_mapping ext="log" approved="true" type="PLAIN_TEXT" />
      <removed_mapping ext="bat" approved="true" type="PLAIN_TEXT" />
      <mapping pattern="validar-array-dto-carga" type="TypeScript" />
      <mapping pattern="rutas-gestion-marketing" type="TypeScript" />
      <mapping pattern="rutas-promocion" type="TypeScript" />
      <mapping pattern="ruta-principal" type="TypeScript" />
      <mapping pattern="rutas-recurso-multimedia" type="TypeScript" />
      <mapping pattern="ruta-juego" type="TypeScript" />
      <mapping pattern="entities-discriminacion-auditiva" type="TypeScript" />
      <mapping pattern="rutas-seguimiento" type="TypeScript" />
      <mapping pattern="rutas-usuario" type="TypeScript" />
      <mapping ext="ts " type="TypeScript" />
      <removed_mapping ext="bat" approved="true" type="PLAIN_TEXT" />
      <removed_mapping ext="log" approved="true" type="PLAIN_TEXT" />
      <removed_mapping ext="dockerfile" approved="true" type="textmate" />
      <removed_mapping ext="makefile" approved="true" type="textmate" />
      <removed_mapping ext="cmd" approved="true" type="PLAIN_TEXT" />
      <removed_mapping ext="snakefile" approved="true" type="textmate" />
    </extensionMap>
  </component>
</application>